"PostType","DateId","Content","PostYear"
"quote","2020-04-05T12:00__ab0569e5-67f4-44df-9e8d-ee62ae526c61","""{""""title"""":""""Henry David Thoreau ~ Walden"""",""""meta"""":{""""hide"""":false},""""body"""":""""I went to the woods because I wished to live deliberately, to front only the essential facts of life, and see if I could not learn what it had to teach, and not, when I came to die, discover that I had not lived.""""}""","2020"
"quote","2020-04-15T12:00__f0e7c103-b0dd-49cf-96a6-898efd984b1e","""{""""title"""":""""jed mckenna"""",""""meta"""":{""""hide"""":false},""""body"""":""""When we believe in the world outside of ourselves, gain is often perceived as good and loss as bad. When we stop believing in a world external to self. that reverses: gain becomes bad and loss becomes good. Nothing we can lose was ever ours in the first place. All we can ever lose is illusion.""""}""","2020"
"quote","2020-06-23T12:00__790123f0-79ee-4c18-a007-44b9951c48c9","""{""""title"""":""""jed mckenna"""",""""meta"""":{""""hide"""":false},""""body"""":""""We slip into the lives that are laid out for us the way children slip into the clothes their mother lays out for them in the morning. No one decides. We don't live our lives by choice, but by default.""""}""","2020"
"quote","2020-12-01T12:00__f714cfe7-5449-49f2-9af4-585d2587714b","""{""""title"""":""""quotes on death"""",""""meta"""":{""""hide"""":false},""""body"""":""""## Memento Mori\n\nTo begin depriving death of it's greatest advantage over us, let us adopt a way clean contrary to that of the common one; let us deprive death of it's strageness, let us frequent it, let us get used to it; let us have nothing more often in mind than death. We do not know where death await us: so let us wait for it everywhere. To practice death is to practice freedom. A man who has learned how to die has unlearned how to be a slave.\\\n`michel de montaigne`\n\nfirst you have to know, not fear, know. that some day you're gonna die.. It's only after we lost everything that we're free to anything.\\\n`fight club @1:02:16`\n\nOne of the illusions of life is that the present hour is not the critical, decisive hour. Write it on your heart that every day is the best day in the year. No man has learned anything rightly, until he knows that every day is Doomsday.\\\n`ralph waldo emerson`\n\nAwareness of death is the very bedrock of the entire path. Until you have developed this awareness, all other practices are obstructed.\\\n`Dalai lama`\n\nI have formed during the last few years such a close relationship with this best and truest friend of mankind that death’s image is not only no longer terrifying to me, but is indeed very soothing and consoling, and I thank my God for graciously granting me the opportunity of learning that death is the key which unlocks the door to our true happiness.\\\n`mozart`\n\nThere is but one truly serious philosophical problem and that is suicide. Judging whether life is or is not worth living amounts to answering the fundamental question of philosophy. All the rest — whether or not the world has three dimensions, whether the mind has nine or twelve categories — comes afterwards. These are games; one must first answer.\\\n`albert camus`\n\nDeath smiles at us all. All a man can do is smile back\\\n`marcus aurelius`\n\nto face the fact that you are completely alone and to accept that you are alone is to accept death\\\n`my dinner with andre @1:46:00`""""}""","2020"
"quote","2022-07-15T12:00__b087288a-02e3-462f-952d-fdf2abb57bf4","""{""""title"""":""""ragnar lothbrok ~ vikings s4 e15"""",""""meta"""":{""""hide"""":false},""""body"""":""""It gladdens me to know that Odin prepares for a feast. Soon I shall be drinking ale from curved horns. This hero that comes into Valhalla does not lament his death! I shall not enter Odin's hall with fear.""""}""","2022"
"quote","2022-07-23T12:00__baeaa36c-fd48-4035-b34b-846961e82053","""{""""title"""":""""tao te ching verse 48"""",""""meta"""":{""""hide"""":false},""""body"""":""""## The illusion of control\n\nyou need to forget about what you know,\\\nhitting bottom is not a fucking weekend retreat\\\nits not a god damn seminenar.\\\nStop trying to control everything and just let go.\\\n`fight club @1:38:42`\n\n\nIn pursuit of knowledge,\nevery day something is added.\\\nIn the practice of the Tao,\nevery day something is dropped.\\\nLess and less do you need to force things,\nuntil finally you arrive at non-action.\\\nWhen nothing is done,\nnothing is left undone.\n\nTrue mastery can be gained\nby letting things go their own way.\\\nIt can't be gained by interfering.\n""""}""","2022"
"quote","2023-06-17T12:00__4735ba6c-ab7c-49f4-a9ad-2026c478b3c4","""{""""title"""":""""buddhism"""",""""meta"""":{""""hide"""":false},""""body"""":""""In Buddhist philosophy, Māyā is invoked as one of twenty subsidiary unwholesome mental factors, responsible for deceit or concealment about the nature of things.""""}""","2023"
"quote","2023-12-21T12:00__fcc45fba-a248-4099-87c8-01b9f92a57a2","""{""""title"""":""""Tao Te Ching ~ verse 5"""",""""meta"""":{""""hide"""":false},""""body"""":""""Heaven and Earth are impartial;\\\nThey see the ten thousand things as straw dogs.\\\nThe wise are impartial;\\\nThey see the people as straw dogs.\\\n\\\nThe space between heaven and Earth is like a bellows.\\\nThe shape changes but not the form;\\\nThe more it moves, the more it yields.\\\nMore words count less.\\\n\\\nHold fast to the center.""""}""","2023"
"quote","2024-05-26T12:00__8423213f-b6ee-4e7b-b5a3-7791048d2d03","""{""""title"""":""""youtube user @cr01554nt"""",""""meta"""":{""""hide"""":false},""""body"""":""""when prayer becomes a habit, miracles become a lifestyle""""}""","2024"
"quote","2024-07-09T12:00__56dd2690-c271-460c-832f-fad02720640e","""{""""title"""":""""henry david thoreau ~ walden"""",""""meta"""":{""""hide"""":false},""""body"""":""""We must learn to reawaken and keep ourselves awake, not by mechanical aids, but by an infinite expectation of the dawn, which does not forsake us even in our soundest sleep. I know of no more encouraging fact than the unquestionable ability of man to elevate his life by a conscious endeavour. It is something to be able to paint a particular picture, or to carve a statue, and so to make a few objects beautiful; but it is far more glorious to carve and paint the very atmosphere and medium through which we look, which morally we can do. To affect the quality of the day, that is the highest of arts.""""}""","2024"
"quote","2024-08-23T12:00__c96eac2f-7b95-4f7e-845b-9532ef16e5ec","""{""""title"""":""""if truth be told ~ book"""",""""meta"""":{""""hide"""":false},""""body"""":""""That's the thing with baggage - you get used to carrying it around. You know it's heavy but the weight has a way of becoming a part of your life. Only when you take it off your back and feel the lightness does the awareness of the load hit you.""""}""","2024"
"quote","2024-09-11T12:00__e95e090c-31d0-4f3e-af2d-96cc05e6cb93","""{""""title"""":""""if truth be told ~ book"""",""""meta"""":{""""hide"""":false},""""body"""":""""Beauty does not lie in the eyes of the beholder but in the mind of the perceiver. The cleaner the mind, the greater the beauty; the quieter the mind, the more enduring the experience.""""}""","2024"
"quote","2024-09-18T12:00__39568514-2c6a-4767-b0c4-6f16a9a50167","""{""""title"""":""""bad trip on lsd ~ hiab-x"""",""""meta"""":{""""hide"""":false},""""body"""":""""I noticed a cross which had a festering pile of bloody guts and organs spread across it, staining the wood in crimson. The guts were smothered in wasps, stinging the ruined flesh causing venomous pestles. It was an image of impossible pain, and then the monologue returned, booming over the sirens, droning over the wasps: 'this is Christ; he is still suffering for your sins, still paying the price.'""""}""","2024"
"quote","2024-09-21T12:00__04c01c7b-0ed1-4d4e-822c-b8eca843e375","""{""""title"""":""""bumpersticker"""",""""meta"""":{""""hide"""":false},""""body"""":""""Relax, nothing is under control.""""}""","2024"
"quote","2024-11-05T12:00__36fce3eb-b83f-45c3-a934-858815b3edd4","""{""""title"""":""""Deus Ex: Human Revolution Trailer"""",""""meta"""":{""""hide"""":false},""""body"""":""""It's not the end of the world, but you can see it from here.""""}""","2024"
"quote","2024-11-22T16:00__9a4e4ac4-e851-4ba2-8efb-91ab00ebef6a","""{""""title"""":""""growth of the soil ~ knut hamsun"""",""""meta"""":{""""hide"""":false},""""body"""":""""The settlers didn't make themselves suffer on account of goodies they hadn't got: art, newspapers, luxuries, politics were worth exactly as much as people were willing to pay for them, no more; the growth of the soil, on the other hand, had to be procured at any cost. It was the origin of all things, the only source. the settlers' lives sad and empty? Ho, that least of all! They had their higher powers, their dreams, their loves, their wealth of superstition.""""}""","2024"
"quote","2024-12-08T19:23__1e2df124-8493-4d79-9d32-25836c3a6fe7","""{""""title"""":""""amongst white clouds"""",""""meta"""":{""""hide"""":false},""""body"""":""""Climbing up Cold Mountain Path\\\nCold Mountain Road goes on and on\\\nA long stream tumbles over boulders\\\na broad valley tangled in green\\\nMoss grows thick, but there is no rain\\\npines sing, but there is no wind\\\nWho can crawl out from the tangles of this world\\\nto sit with me amongst white clouds?""""}""","2024"
"quote","2025-01-29T23:08__30dac8cf-58b3-41ef-a72e-ef630bea3d3c","""{""""title"""":""""подполья ~ Fyodor Dostoevsky"""",""""meta"""":{""""hide"""":false},""""body"""":""""I swear to you, gentlemen, that to be too much aware of things is an illness - a real genuine illness.\\\n~ \\\nI even think that the best definition of a man is: an ungrateful creature on two legs.\\\n~ \\\nIt was \""""peace\"""" that I wanted - I wanted to be left alone under the floorboards. \""""Real life\"""", since I was unused to it, crushed me so much that I found it difficult even to breathe.\\\n~\\\nAnd, indeed, I am now asking on my own account an idle question: which is better, cheap happiness or exalted suffering?""""}""","2025"
"quote","2025-03-09T20:40__145538b7-ed3c-48ed-a794-5f08e708b710","""{""""title"""":""""krishna to arjuna ~ the mahābhārata"""",""""meta"""":{""""hide"""":false},""""body"""":""""look its spring\\\nthe buds are sweet\\\nthe water sparkles\\\neveryone is joyful\\\nwe're going to die\n\n~\n\nVictory and defeat are the same. To Act but not to reflect on the fruit of the Act. Seek Detachment. Fight without Desire.""""}""","2025"
"quote","2025-03-31T16:20__0e8a43c0-c27f-4755-87b2-19266c91744a","""{""""title"""":""""~ road to heaven"""",""""meta"""":{""""hide"""":false},""""body"""":""""people eat dirt, dirt eats people\\\n`~ 周南山`\\\n\\\nI'm no saint. I can't transform this world. This world still transforms me.""""}""","2025"
"quote","2025-04-27T15:07__694f9982-62a2-482f-b6ec-ffe2e460b381","""{""""title"""":""""collin mcmorran"""",""""meta"""":{""""hide"""":false},""""body"""":""""Surrender, in the truest sense, is dis-identification with the egoic mind and the collapse of the illusionary Self. \\\n~ \\\nWe have come to see that true self-enquiry is not a process of adding to your understanding nor is it about personal growth, it is about dropping your story and letting go of your preconceptions, it is about witnessing your mind games with a sort of compassionate detachment.\\\n~\\\nEach time you wonder whether you are acting from pure awareness, each time you praise yourself for staying present, each time you are pleased to have controlled your undesirable emotions ‒ you are back in the illusion. Each time you take credit for right thought or right action ‒ you are back in the illusion. So watch for these traps; do not replace an unconscious illusionary Self with a spiritually aware, but conceited, one. Be vigilant and unyielding;\\\n~\\\nThe assumption is that just as you can learn to play the piano, you can similarly learn to play life. Unfortunately, learning to play life is impossible simply because it is life that is 'playing' you.""""}""","2025"
"quote","2025-09-03T20:00__e865c4f7-bf0c-453d-87f9-67fe7244e3e2","""{""""title"""":""""what is fake spirituality? @1:03:11"""",""""meta"""":{""""hide"""":true},""""body"""":""""genuine spirituality is about achieving complete sovereignty of mind""""}""","2025"
"quote","2025-09-15T12:00__8901ef9f-5d42-44d6-ba7f-158932f194b6","""{""""title"""":""""soliloquized wisdom of a whaler"""",""""meta"""":{""""hide"""":false},""""body"""":""""Is, then, the crown too heavy\nthat I wear? this Iron Crown of Lombardy. Yet is it bright with many a gem; i, the wearer, see not its far flashings; but darkly feel that i wear that, that dazzlingly confounds. 'Tis iron --that I know-- not gold.""""}""","2025"
"quote","2025-09-21T22:11__e43ab144-9c77-4d63-b67a-2e4ae14350de","""{""""title"""":""""clapped ye eye, matey?"""",""""meta"""":{""""hide"""":false},""""body"""":""""Want to see what whaling is, eh? Have ye clapped eye on Captain Ahab?""""}""","2025"
"video","2021-01-14T12:00__e2492c26-02a3-41aa-af5d-82a490c35353","""{""""title"""":""""new zealand ~ 2020"""",""""meta"""":{""""hide"""":false},""""body"""":""""https://www.youtube-nocookie.com/embed/JenkjO3Fo4A?si=Goss5_xIukf0TVzo""""}""","2021"
"video","2024-06-16T12:00__12d7b5d6-0025-4364-b70a-b8b8b8c38211","""{""""title"""":""""france ~ 2024"""",""""meta"""":{""""hide"""":false},""""body"""":""""https://www.youtube-nocookie.com/embed/83x5Kj5eERQ?si=N9x_9g1KDlAXy76E""""}""","2024"
"video","2024-08-14T12:00__8939c7d2-7c38-4d30-bce0-c34e9eca4a1b","""{""""title"""":""""arden ~ 08/24"""",""""meta"""":{""""hide"""":false},""""body"""":""""https://www.youtube-nocookie.com/embed/7nDEFHX5npE?si=TQrendpgu0fZwFVY""""}""","2024"
"video","2024-09-10T12:40__28bc328f-983a-49fa-94cf-f7531d8d5c2a","""{""""title"""":""""nørge ~ 24"""",""""body"""":""""https://www.youtube-nocookie.com/embed/r7s_y8mJEBc?si=RnO6WPzzr708PvP5"""",""""meta"""":{""""hide"""":false}}""","2024"
"video","2025-09-02T20:00__87661dd1-cfdf-4e10-bdcd-369cf51ca828","""{""""title"""":""""schweiz ~ 2025"""",""""meta"""":{""""hide"""":false},""""body"""":""""https://www.youtube-nocookie.com/embed/bG9NHQSjInE""""}""","2025"
"image","2018-01-20T12:00__85273e0b-f757-4aa4-83ac-3bb8fe26699e","""{""""title"""":""""sunrise from the holy mountain"""",""""meta"""":{""""hide"""":false},""""body"""":[""""https://kiikiiworld-serverless-prd-image.s3.eu-central-1.amazonaws.com/14.jpg""""]}""","2018"
"image","2018-01-23T22:31__76278b63-c95b-4181-b8f7-153047e39dc0","""{""""title"""":""""op safari ~ skiri lanka"""",""""meta"""":{""""hide"""":false},""""body"""":[""""https://kiikiiworld-serverless-prd-image.s3.eu-central-1.amazonaws.com/13.jpg""""]}""","2018"
"image","2019-12-20T12:00__5c13780b-2df6-41fb-9261-9f4127d5be02","""{""""title"""":""""new camera ~ panasonic g7"""",""""meta"""":{""""hide"""":false},""""body"""":[""""https://kiikiiworld-serverless-prd-image.s3.eu-central-1.amazonaws.com/15.jpg""""]}""","2019"
"image","2020-02-17T12:00__f5421205-5e7f-4b82-a908-f51cc47a765c","""{""""title"""":""""sittin ~ chandighar"""",""""meta"""":{""""hide"""":false},""""body"""":[""""https://kiikiiworld-serverless-prd-image.s3.eu-central-1.amazonaws.com/8.jpg""""]}""","2020"
"image","2020-02-19T12:00__b94c85c5-51df-4287-8cd1-ef38432f6d76","""{""""title"""":""""late night smoke"""",""""meta"""":{""""hide"""":false},""""body"""":[""""https://kiikiiworld-serverless-prd-image.s3.eu-central-1.amazonaws.com/16.jpg""""]}""","2020"
"image","2020-03-10T12:00__086edfcb-27c5-423b-992f-585213062256","""{""""title"""":""""my room ~ auckland nz"""",""""meta"""":{""""hide"""":false},""""body"""":[""""https://kiikiiworld-serverless-prd-image.s3.eu-central-1.amazonaws.com/10.jpg""""]}""","2020"
"image","2020-03-17T12:00__721ca05f-fde7-47b5-9bdd-d621b4f9252f","""{""""title"""":""""first van ~ nz"""",""""meta"""":{""""hide"""":false},""""body"""":[""""https://kiikiiworld-serverless-prd-image.s3.eu-central-1.amazonaws.com/9.jpg""""]}""","2020"
"image","2020-04-03T12:00__cc71685d-a2eb-4da6-aa7b-d26d145deba7","""{""""title"""":""""palms ~ nz"""",""""meta"""":{""""hide"""":false},""""body"""":[""""https://kiikiiworld-serverless-prd-image.s3.eu-central-1.amazonaws.com/7.jpg""""]}""","2020"
"image","2020-04-10T12:00__144e4fe1-137d-4bec-b098-edb57a5cd3f3","""{""""title"""":""""hut_1 ~ nz"""",""""meta"""":{""""hide"""":false},""""body"""":[""""https://kiikiiworld-serverless-prd-image.s3.eu-central-1.amazonaws.com/11.jpg""""]}""","2020"
"image","2020-04-14T12:00__f860859e-f12c-4065-b3b5-8ec70b1eb6ed","""{""""title"""":""""hut_2 ~ nz"""",""""meta"""":{""""hide"""":false},""""body"""":[""""https://kiikiiworld-serverless-prd-image.s3.eu-central-1.amazonaws.com/12.jpg""""]}""","2020"
"image","2020-05-01T12:00__7a56d923-d9a9-45ed-86d1-0e71ab9462d0","""{""""title"""":""""sundown at mountain hut"""",""""meta"""":{""""hide"""":false},""""body"""":[""""https://kiikiiworld-serverless-prd-image.s3.eu-central-1.amazonaws.com/17.jpg""""]}""","2020"
"image","2020-06-21T10:00__95a27f15-c5b2-4d58-b99c-fb4305d8e0cd","""{""""title"""":""""Mt. Teranaki ~ nz"""",""""meta"""":{""""hide"""":false},""""body"""":[""""https://kiikiiworld-serverless-prd-image.s3.eu-central-1.amazonaws.com/3.jpg""""]}""","2020"
"image","2020-06-29T22:31__b27715d4-824c-4ffd-b2bf-dbb236a53657","""{""""title"""":""""dreamscape ~ nz"""",""""meta"""":{""""hide"""":false},""""body"""":[""""https://kiikiiworld-serverless-prd-image.s3.eu-central-1.amazonaws.com/4.jpg""""]}""","2020"
"image","2020-07-01T12:00__091bc2ee-90bd-4060-8fe6-3659fcee1ac6","""{""""title"""":""""@lakeside"""",""""meta"""":{""""hide"""":false},""""body"""":[""""https://kiikiiworld-serverless-prd-image.s3.eu-central-1.amazonaws.com/18.jpg""""]}""","2020"
"image","2020-07-12T22:27__2a8ccfd0-edbd-49bc-b640-c6ee6e895b5d","""{""""title"""":""""fire clouds ~ nz"""",""""meta"""":{""""hide"""":false},""""body"""":[""""https://kiikiiworld-serverless-prd-image.s3.eu-central-1.amazonaws.com/2.jpg""""]}""","2020"
"image","2021-08-11T12:00__ecc3dffb-2915-4bc6-bba5-2a3b62e022b9","""{""""title"""":""""a dream in the works"""",""""meta"""":{""""hide"""":false},""""body"""":[""""https://kiikiiworld-serverless-prd-image.s3.eu-central-1.amazonaws.com/20.png""""]}""","2021"
"image","2021-08-11T12:00__ff99ddc5-d60f-4f48-97f4-6df30dff1578","""{""""title"""":""""generational workshop"""",""""meta"""":{""""hide"""":false},""""body"""":[""""https://kiikiiworld-serverless-prd-image.s3.eu-central-1.amazonaws.com/19.png""""]}""","2021"
"image","2021-09-11T12:00__62ea51b0-f1fd-453c-8aaa-4fa36b4e8c2a","""{""""title"""":""""thinkin ~ switzerland"""",""""meta"""":{""""hide"""":false},""""body"""":[""""https://kiikiiworld-serverless-prd-image.s3.eu-central-1.amazonaws.com/21.jpg""""]}""","2021"
"image","2022-04-02T15:59__9c26036e-e9ba-44f8-b3e4-c06a6dea52d4","""{""""title"""":""""growth ~ auckland nz"""",""""body"""":[""""https://kiikiiworld-serverless-prd-image.s3.eu-central-1.amazonaws.com/5.jpg""""],""""meta"""":{""""hide"""":false}}""","2022"
"image","2022-05-15T12:00__f70d47ac-a686-4a56-9365-7b836f2da1cd","""{""""title"""":""""leef in een droom"""",""""meta"""":{""""hide"""":false},""""body"""":[""""https://kiikiiworld-serverless-prd-image.s3.eu-central-1.amazonaws.com/28.jpg""""]}""","2022"
"image","2022-06-10T12:00__58f4f654-f67f-4bec-8ba6-9cc753f4c47f","""{""""title"""":""""sven in natural habitat"""",""""meta"""":{""""hide"""":false},""""body"""":[""""https://kiikiiworld-serverless-prd-image.s3.eu-central-1.amazonaws.com/24.jpg""""]}""","2022"
"image","2022-06-25T12:00__8b370f5d-686c-4331-a4da-9f02c33f374e","""{""""title"""":""""made it out alive"""",""""meta"""":{""""hide"""":false},""""body"""":[""""https://kiikiiworld-serverless-prd-image.s3.eu-central-1.amazonaws.com/30.png""""]}""","2022"
"image","2022-07-01T12:00__22082892-1ab7-492c-98c7-904b97c98786","""{""""title"""":""""jelte in een droom"""",""""meta"""":{""""hide"""":false},""""body"""":[""""https://kiikiiworld-serverless-prd-image.s3.eu-central-1.amazonaws.com/25.png""""]}""","2022"
"image","2022-07-05T22:32__e502a086-8b1a-4d8f-b838-f2247bef5b44","""{""""title"""":""""drop een rack op een rack"""",""""meta"""":{""""hide"""":false},""""body"""":[""""https://kiikiiworld-serverless-prd-image.s3.eu-central-1.amazonaws.com/27.png""""]}""","2022"
"image","2022-07-11T12:00__5aa151a6-fce4-4d65-8ddd-cbc0f844ad55","""{""""title"""":""""eikesdalsvatnet"""",""""meta"""":{""""hide"""":false},""""body"""":[""""https://kiikiiworld-serverless-prd-image.s3.eu-central-1.amazonaws.com/22.jpg""""]}""","2022"
"image","2022-07-11T12:00__64fdf5fd-133d-450b-8c47-ad0d6e9dc3c0","""{""""title"""":""""stacc clouds"""",""""meta"""":{""""hide"""":false},""""body"""":[""""https://kiikiiworld-serverless-prd-image.s3.eu-central-1.amazonaws.com/26.jpg""""]}""","2022"
"image","2022-07-21T12:00__438e3664-da7f-4a74-962b-195b92d50563","""{""""title"""":""""go slo in norge"""",""""meta"""":{""""hide"""":false},""""body"""":[""""https://kiikiiworld-serverless-prd-image.s3.eu-central-1.amazonaws.com/23.jpg""""]}""","2022"
"image","2023-06-11T12:00__b834727c-f36c-42cc-8543-fe21220ed0b1","""{""""title"""":""""stacc em intellect edition"""",""""meta"""":{""""hide"""":false},""""body"""":[""""https://kiikiiworld-serverless-prd-image.s3.eu-central-1.amazonaws.com/43.jpg""""]}""","2023"
"image","2023-11-20T12:00__9565b44e-607e-4115-b08a-e067e8036baa","""{""""title"""":""""anti-kraak"""",""""meta"""":{""""hide"""":false},""""body"""":[""""https://kiikiiworld-serverless-prd-image.s3.eu-central-1.amazonaws.com/31.jpg""""]}""","2023"
"image","2023-12-14T12:00__d8de49b5-7e7a-43f2-a4b7-5765f3bb8e98","""{""""title"""":""""Amsterdam Lelylaan"""",""""meta"""":{""""hide"""":false},""""body"""":[""""https://kiikiiworld-serverless-prd-image.s3.eu-central-1.amazonaws.com/1.jpg""""]}""","2023"
"image","2024-01-10T12:00__7d3eeb24-c77b-43cd-9885-5e6b8a442844","""{""""title"""":""""urban hug"""",""""meta"""":{""""hide"""":false},""""body"""":[""""https://kiikiiworld-serverless-prd-image.s3.eu-central-1.amazonaws.com/44.jpg""""]}""","2024"
"image","2024-05-08T12:00__1a6238e7-c517-4650-8cbc-945d128e9cbf","""{""""title"""":""""brick house ~ morvan, france"""",""""meta"""":{""""hide"""":false},""""body"""":[""""https://kiikiiworld-serverless-prd-image.s3.eu-central-1.amazonaws.com/33.jpg""""]}""","2024"
"image","2024-05-08T12:00__2e2f03a4-06e0-4363-8878-d615849073dc","""{""""title"""":""""farms ~ morvan, france"""",""""meta"""":{""""hide"""":false},""""body"""":[""""https://kiikiiworld-serverless-prd-image.s3.eu-central-1.amazonaws.com/32.jpg""""]}""","2024"
"image","2024-05-14T12:00__009439fd-fc1b-4819-a0bc-6198b4da707d","""{""""title"""":""""dev in van"""",""""meta"""":{""""hide"""":false},""""body"""":[""""https://kiikiiworld-serverless-prd-image.s3.eu-central-1.amazonaws.com/34.png""""]}""","2024"
"image","2024-06-12T12:00__8b6d609e-ed9f-4167-9a5e-746ab2680f75","""{""""title"""":""""sunset on a dune ~ haarlem"""",""""meta"""":{""""hide"""":false},""""body"""":[""""https://kiikiiworld-serverless-prd-image.s3.eu-central-1.amazonaws.com/35.jpg""""]}""","2024"
"image","2024-08-09T12:00__5d40c740-05b4-4fad-bc3f-aa8432c57a71","""{""""title"""":""""hilly highway ~ arden"""",""""meta"""":{""""hide"""":false},""""body"""":[""""https://kiikiiworld-serverless-prd-image.s3.eu-central-1.amazonaws.com/36.jpg""""]}""","2024"
"image","2024-08-31T12:00__e2246d87-928a-4f40-9d9a-d7c390e7642d","""{""""title"""":""""bunes"""",""""meta"""":{""""hide"""":false},""""body"""":[""""https://kiikiiworld-serverless-prd-image.s3.eu-central-1.amazonaws.com/37.png""""]}""","2024"
"image","2024-09-01T12:00__2bcc2d73-2306-4315-9edc-9085515a8db6","""{""""title"""":""""fjordland"""",""""meta"""":{""""hide"""":false},""""body"""":[""""https://kiikiiworld-serverless-prd-image.s3.eu-central-1.amazonaws.com/39.png""""]}""","2024"
"image","2024-09-02T12:00__837f725f-d272-46be-aac0-13fa0beb61ad","""{""""title"""":""""ed & niklas"""",""""meta"""":{""""hide"""":false},""""body"""":[""""https://kiikiiworld-serverless-prd-image.s3.eu-central-1.amazonaws.com/38.png""""]}""","2024"
"image","2024-09-06T12:00__47361d52-1742-40e9-b405-bd0375b6e3c4","""{""""title"""":""""creative lookout"""",""""meta"""":{""""hide"""":false},""""body"""":[""""https://kiikiiworld-serverless-prd-image.s3.eu-central-1.amazonaws.com/40.png""""]}""","2024"
"image","2024-11-04T12:00__ddb0d86b-e72d-4b99-9564-1a51ac1087f1","""{""""title"""":""""sundown ~ Lumix DMC-FS40"""",""""meta"""":{""""hide"""":false},""""body"""":[""""https://kiikiiworld-serverless-prd-image.s3.eu-central-1.amazonaws.com/41.jpg""""]}""","2024"
"image","2024-11-06T12:00__57a27bf6-20af-4c19-96c2-22e540b4815a","""{""""title"""":""""journey to work ~ Lumix DMC-FS40"""",""""meta"""":{""""hide"""":false},""""body"""":[""""https://kiikiiworld-serverless-prd-image.s3.eu-central-1.amazonaws.com/42.jpg""""]}""","2024"
"image","2024-11-22T23:16__44b7c349-738c-49f2-b700-6daad0ab0ad9","""{""""title"""":""""classic bruckner"""",""""meta"""":{""""hide"""":false},""""body"""":[""""https://kiikiiworld-serverless-prd-image.s3.eu-central-1.amazonaws.com/1000027236.jpg""""]}""","2024"
"image","2024-12-01T12:40__86acc1f7-d922-4378-a114-dcadb538f96b","""{""""title"""":""""starz ~ DMC-FS40"""",""""body"""":[""""https://kiikiiworld-serverless-prd-image.s3.eu-central-1.amazonaws.com/46.JPG""""],""""meta"""":{""""hide"""":false}}""","2024"
"image","2024-12-20T18:35__f5922d12-21b2-4af6-b2e5-54aa3bab4359","""{""""title"""":""""DMC-FS40 grain"""",""""meta"""":{""""hide"""":false},""""body"""":[""""https://kiikiiworld-serverless-prd-image.s3.eu-central-1.amazonaws.com/P1000120_tiny.jpg""""]}""","2024"
"image","2024-12-20T18:38__29bf5b53-b114-48c1-b0f7-da52e1fb24ef","""{""""title"""":""""SwitchPrimitive.Root"""",""""meta"""":{""""hide"""":false},""""body"""":[""""https://kiikiiworld-serverless-prd-image.s3.eu-central-1.amazonaws.com/P1000133_tiny.jpg""""]}""","2024"
"image","2025-02-14T17:09__5441a448-6535-4f66-9974-7f73da825e7d","""{""""title"""":""""yarned hangplant 2"""",""""meta"""":{""""hide"""":true},""""body"""":[""""https://kiikiiworld-serverless-prd-image.s3.eu-central-1.amazonaws.com/P1050268%202.JPG""""]}""","2025"
"image","2025-03-30T15:47__0082f460-960d-42f8-8985-5917f6c71cc2","""{""""title"""":""""lumix g80 ~ 12-32 f/3.5-5.6"""",""""meta"""":{""""hide"""":false},""""body"""":[""""https://kiikiiworld-serverless-prd-image.s3.eu-central-1.amazonaws.com/P1020356-edit-large.jpg""""]}""","2025"
"image","2025-03-30T16:04__fb17e602-dd1f-48f2-8bc2-56f9306ea1c5","""{""""title"""":""""gate to the city ~ leiden"""",""""meta"""":{""""hide"""":false},""""body"""":[""""https://kiikiiworld-serverless-prd-image.s3.eu-central-1.amazonaws.com/P1020311-edit-crop-sml.jpg""""]}""","2025"
"image","2025-04-15T15:02__9c7ae7db-8cc9-4ace-970a-3fd00b1b75e0","""{""""title"""":""""average medieval coif user"""",""""meta"""":{""""hide"""":false},""""body"""":[""""https://kiikiiworld-serverless-prd-image.s3.eu-central-1.amazonaws.com/avarage-medival-coif-user.png""""]}""","2025"
"image","2025-04-24T21:17__015a947e-ae92-47da-9d9f-09a9d2fc6faa","""{""""title"""":""""me & the missus"""",""""meta"""":{""""hide"""":false},""""body"""":[""""https://kiikiiworld-serverless-prd-image.s3.eu-central-1.amazonaws.com/P1020286-edit-sml.jpg""""]}""","2025"
"image","2025-04-29T14:36__3cc5d159-20f5-4e45-b2e0-7dd0b1f1f375","""{""""title"""":""""primordial scream"""",""""meta"""":{""""hide"""":false},""""body"""":[""""https://kiikiiworld-serverless-prd-image.s3.eu-central-1.amazonaws.com/primordial-scream-cow-crop-2.jpg""""]}""","2025"
"image","2025-04-29T15:08__a9cc7e05-e019-47dc-8129-31dce353a6b1","""{""""title"""":""""all THôt's are illusions"""",""""meta"""":{""""hide"""":true},""""body"""":[""""https://kiikiiworld-serverless-prd-image.s3.eu-central-1.amazonaws.com/Screenshot%202025-04-29%20at%2015.10.31.png""""]}""","2025"
"image","2025-05-08T12:00__932f9522-83b7-49da-96a8-c33dbdf0ffaf","""{""""title"""":""""levels"""",""""meta"""":{""""hide"""":false},""""body"""":[""""https://kiikiiworld-serverless-prd-image.s3.eu-central-1.amazonaws.com/P1020620-edit.jpg""""]}""","2025"
"image","2025-05-11T12:00__28b83367-d3d3-4ad5-bf49-e86a122f7898","""{""""title"""":""""harlem summers"""",""""meta"""":{""""hide"""":false},""""body"""":[""""https://kiikiiworld-serverless-prd-image.s3.eu-central-1.amazonaws.com/P1020678-crop.jpg""""]}""","2025"
"image","2025-05-12T16:47__4103f353-4df6-4526-97e2-bf845d19d3ad","""{""""title"""":""""vroom vroom"""",""""meta"""":{""""hide"""":false},""""body"""":[""""https://kiikiiworld-serverless-prd-image.s3.eu-central-1.amazonaws.com/1000032202.jpg""""]}""","2025"
"image","2025-05-15T16:49__b5fbefda-ffa8-4359-8d7b-49a2c7b5a95a","""{""""title"""":""""shadow of a dutchman"""",""""meta"""":{""""hide"""":false},""""body"""":[""""https://kiikiiworld-serverless-prd-image.s3.eu-central-1.amazonaws.com/1000036502.jpg""""]}""","2025"
"image","2025-07-04T12:00__50ff6376-0c47-4c19-973f-c649eb189410","""{""""title"""":""""movout movin"""",""""meta"""":{""""hide"""":false},""""body"""":[""""https://kiikiiworld-serverless-prd-image.s3.eu-central-1.amazonaws.com/1000036503.jpg""""]}""","2025"
"image","2025-08-20T21:00__c46b46fc-d445-45ca-8c9b-8bddbc1be33a","""{""""title"""":""""rule 1: always bring a headlamp"""",""""meta"""":{""""hide"""":false},""""body"""":[""""https://kiikiiworld-serverless-prd-image.s3.eu-central-1.amazonaws.com/00-dark-edit.jpg""""]}""","2025"
"image","2025-08-21T12:00__e4f9fe50-7182-4c75-810d-bae0e98a433e","""{""""title"""":""""ancient roofs ~ bern schweiz"""",""""meta"""":{""""hide"""":false},""""body"""":[""""https://kiikiiworld-serverless-prd-image.s3.eu-central-1.amazonaws.com/00-P1030118-edit.jpg""""]}""","2025"
"image","2025-10-13T12:06__f83c9fe2-da53-4ad7-8335-ef9703d29c7a","""{""""title"""":""""autumn"""",""""meta"""":{""""hide"""":false},""""body"""":[""""https://kiikiiworld-serverless-prd-image.s3.eu-central-1.amazonaws.com/autumn.jpg""""]}""","2025"
"image","2025-11-04T21:00__a4698dca-0c3f-4245-ba6e-5e1c9b9e29a9","""{""""title"""":""""bladee ~ 1d"""",""""meta"""":{""""hide"""":false},""""body"""":[""""https://kiikiiworld-serverless-prd-image.s3.eu-central-1.amazonaws.com/P1030283-vibrant-crop.jpg""""]}""","2025"
"story","2000-01-01T12:42__f35274b3-b340-4f45-9c44-7110358a3b1d","""{""""title"""":""""example markdown"""",""""meta"""":{""""hide"""":false},""""body"""":""""# Test Project Markdown\n\nThis is a link in [Hello World](https://michaelheemskerk.dev/) lorem ipsum dolor sinch gethir this is thext,\n\nThis is a **very bold move** of me.\n\nHello lorem ipsum dolor sinch gethir this is thext,\nwill it morph around the image or will it stay like this.\n\nHello world this is a new scentence.\n\n> This is a blockquote\n\n1. ordered list\n2. this is the second row\n3. third item leggo\n\ndafsadfadfasdf sadf asdf asdf asdf sdf asdf [^1]\n[^1]: This is the footnote. \n\n- first item this is\n- 50.000 items stack em tall\n\nthat was code `const myStatus = 10000;` that was code\n\n- [x] Write the press release\n- [ ] Update the website\n- [ ] Contact the media \n\n~~The world is flat.~~\n\nThat is so funny! :joy: 🤮\n\n###### 🤮\n\nI need to highlight these ==very important words==. \n\nwesdf H~2~O sdf asf X^2^ \n\nem this is: *some italic type shit.*\n\nterm\n: definition \n\n```\n{\n  \""""firstName\"""": \""""John\"""",\n  \""""lastName\"""": \""""Smith\"""",\n  \""""age\"""": 25\n}\n``` """"}""","2022"